Image,
00000001_000.png,
00000001_001.png,
00000001_002.png,
00000002_000.png,
00000003_001.png,
00000003_002.png,
00000003_003.png,
00000003_004.png,
00000003_005.png,
00000003_006.png,
00000003_007.png,
00000003_000.png,
00000004_000.png,
00000005_000.png,
00000005_001.png,
00000005_002.png,
00000005_003.png,
00000005_004.png,
00000005_005.png,
00000005_006.png,
00000005_007.png,
00000006_000.png,
00000007_000.png,
00000008_000.png,
00000008_001.png,
00000008_002.png,
00000009_000.png,
00000010_000.png,
00000011_000.png,
00000011_001.png,
00000011_002.png,
00000011_003.png,
00000011_004.png,
00000011_005.png,
00000011_006.png,
00000011_007.png,
00000011_008.png,
00000012_000.png,
00000013_022.png,
00000013_023.png,
00000013_024.png,
00000013_025.png,
00000013_026.png,
00000013_027.png,
00000013_028.png,
00000013_029.png,
00000013_030.png,
00000013_031.png,
00000013_032.png,
00000013_033.png,
00000013_034.png,
00000013_035.png,
00000013_036.png,
00000013_037.png,
00000013_038.png,
00000013_039.png,
00000013_040.png,
00000013_042.png,
00000013_041.png,
00000013_043.png,
00000013_044.png,
00000013_045.png,
00000013_046.png,
00000013_000.png,
00000013_001.png,
00000013_002.png,
00000013_003.png,
00000013_004.png,
00000013_005.png,
00000013_006.png,
00000013_007.png,
00000013_008.png,
00000013_009.png,
00000013_010.png,
00000013_011.png,
00000013_012.png,
00000013_013.png,
00000013_014.png,
00000013_015.png,
00000013_016.png,
00000013_017.png,
00000013_018.png,
00000013_019.png,
00000013_020.png,
00000013_021.png,
00000014_000.png,
00000015_000.png,
00000016_000.png,
00000017_000.png,
00000017_001.png,
00000017_002.png,
00000018_000.png,
00000019_000.png,
00000020_001.png,
00000020_002.png,
00000020_000.png,
00000021_000.png,
00000021_001.png,
00000022_000.png,